{
  "tokenize_1000": {
    "actual_tokens": 1006,
    "mean_ms": 1.4987281523644924,
    "p50_ms": 1.4983373694121838,
    "throughput_mtok_s": 0.6712358064488667
  },
  "tokenize_8000": {
    "actual_tokens": 8006,
    "mean_ms": 13.644957542419434,
    "p50_ms": 13.451040722429752,
    "throughput_mtok_s": 0.5867368934722554
  },
  "tokenize_32000": {
    "actual_tokens": 32006,
    "mean_ms": 59.40190451219678,
    "p50_ms": 59.40686073154211,
    "throughput_mtok_s": 0.538804273412283
  },
  "tokenize_64000": {
    "actual_tokens": 64006,
    "mean_ms": 117.59281293489039,
    "p50_ms": 117.57078161463141,
    "throughput_mtok_s": 0.5443019722254564
  },
  "tokenize_100000": {
    "actual_tokens": 100006,
    "mean_ms": 183.173545030877,
    "p50_ms": 183.24200715869665,
    "throughput_mtok_s": 0.5459631192001132
  },
  "json_serialize_1000": {
    "mean_ms": 0.04586920142173767,
    "p50_ms": 0.01475214958190918
  },
  "json_serialize_8000": {
    "mean_ms": 0.07153930142521858,
    "p50_ms": 0.07136259227991104
  },
  "json_serialize_32000": {
    "mean_ms": 0.2663766033947468,
    "p50_ms": 0.266113318502903
  },
  "json_serialize_100000": {
    "mean_ms": 0.8188366703689098,
    "p50_ms": 0.8179857395589352
  },
  "json_parse_sse_chunk": {
    "mean_ms": 0.0019496262073516845,
    "p50_ms": 0.0019390136003494263,
    "per_token_us": 1.9496262073516846
  },
  "sha256_hash_1000": {
    "mean_ms": 0.007180245593190193,
    "throughput_gb_s": 1.2534390200435035
  },
  "sha256_hash_8000": {
    "mean_ms": 0.04995637573301792,
    "throughput_gb_s": 1.4412574760184749
  },
  "sha256_hash_32000": {
    "mean_ms": 0.1978029403835535,
    "throughput_gb_s": 1.45599453396167
  },
  "sha256_hash_100000": {
    "mean_ms": 0.6204412411898375,
    "throughput_gb_s": 1.4505805550160478
  }
}