{
  "scenarios": [
    {
      "label": "single_1k",
      "concurrency": 1,
      "ctx_tokens": 1000,
      "num_requests": 5,
      "t_serialize_ms_mean": 0.03998037427663803,
      "t_serialize_ms_p50": 0.04063453525304794,
      "t_serialize_ms_p95": 0.04135165363550186,
      "t_http_overhead_ms_mean": 7.301689498126507,
      "t_http_overhead_ms_p50": 7.401013746857643,
      "t_http_overhead_ms_p95": 7.70230870693922,
      "t_ttft_ms_mean": 50.940314307808876,
      "t_ttft_ms_p50": 45.25818768888712,
      "t_ttft_ms_p95": 77.44885236024857,
      "t_server_prefill_ms_mean": 43.63862480968237,
      "t_server_prefill_ms_p50": 37.67895977944136,
      "t_server_prefill_ms_p95": 70.64705714583397,
      "t_decode_ms_mean": 2653.395026177168,
      "t_decode_ms_p50": 2236.103752627969,
      "t_decode_ms_p95": 4729.556550271809,
      "t_total_ms_mean": 2704.3908243998885,
      "t_total_ms_p50": 2281.4194187521935,
      "t_total_ms_p95": 4807.058698497713,
      "cpu_estimate_pct_mean": 0.3081961427718769,
      "cpu_estimate_pct_p50": 0.3340279959241027,
      "cpu_estimate_pct_p95": 0.4237720707946236,
      "gpu_estimate_pct_mean": 99.69115634490063,
      "gpu_estimate_pct_p50": 99.66526512915543,
      "gpu_estimate_pct_p95": 99.85739531156106
    },
    {
      "label": "single_8k",
      "concurrency": 1,
      "ctx_tokens": 8000,
      "num_requests": 3,
      "t_serialize_ms_mean": 0.10726135224103928,
      "t_serialize_ms_p50": 0.1032194122672081,
      "t_serialize_ms_p95": 0.12014061212539673,
      "t_http_overhead_ms_mean": 15.123459820946058,
      "t_http_overhead_ms_p50": 15.036087483167648,
      "t_http_overhead_ms_p95": 15.466159209609032,
      "t_ttft_ms_mean": 193.00107285380363,
      "t_ttft_ms_p50": 123.1461763381958,
      "t_ttft_ms_p95": 374.0878636017442,
      "t_server_prefill_ms_mean": 177.87761303285757,
      "t_server_prefill_ms_p50": 108.11008885502815,
      "t_server_prefill_ms_p95": 358.62170439213514,
      "t_decode_ms_mean": 3375.505391818782,
      "t_decode_ms_p50": 3302.66965739429,
      "t_decode_ms_p95": 3884.384471923113,
      "t_total_ms_mean": 3568.6328817779818,
      "t_total_ms_p50": 3384.555486962199,
      "t_total_ms_p95": 4007.658902555704,
      "cpu_estimate_pct_mean": 0.4301075208636739,
      "cpu_estimate_pct_p50": 0.44220154936284434,
      "cpu_estimate_pct_p95": 0.47036164638734046,
      "gpu_estimate_pct_mean": 99.56936184617832,
      "gpu_estimate_pct_p50": 99.55725991864446,
      "gpu_estimate_pct_p95": 99.62161595718906
    },
    {
      "label": "conc4_8k",
      "concurrency": 4,
      "ctx_tokens": 8000,
      "num_requests": 12,
      "t_serialize_ms_mean": 0.1316967730720838,
      "t_serialize_ms_p50": 0.13435212895274162,
      "t_serialize_ms_p95": 0.14842022210359573,
      "t_http_overhead_ms_mean": 50.49445751744012,
      "t_http_overhead_ms_p50": 50.523164216428995,
      "t_http_overhead_ms_p95": 51.184200681746006,
      "t_ttft_ms_mean": 171.31369234994054,
      "t_ttft_ms_p50": 182.67125077545643,
      "t_ttft_ms_p95": 200.86650270968676,
      "t_server_prefill_ms_mean": 120.81923483250041,
      "t_server_prefill_ms_p50": 132.32979457825422,
      "t_server_prefill_ms_p95": 150.38495231419802,
      "t_decode_ms_mean": 3455.1875093796602,
      "t_decode_ms_p50": 3467.382362578064,
      "t_decode_ms_p95": 3527.992489747703,
      "t_total_ms_mean": 3626.644204215457,
      "t_total_ms_p50": 3657.0095526985824,
      "t_total_ms_p95": 3691.480139270425,
      "cpu_estimate_pct_mean": 1.3963658696875447,
      "cpu_estimate_pct_p50": 1.392895513574056,
      "cpu_estimate_pct_p95": 1.4518079654974456,
      "gpu_estimate_pct_mean": 98.6033215427916,
      "gpu_estimate_pct_p50": 98.60667586961668,
      "gpu_estimate_pct_p95": 98.63302066572837
    },
    {
      "label": "conc16_32k",
      "concurrency": 16,
      "ctx_tokens": 32000,
      "num_requests": 48,
      "t_serialize_ms_mean": 0.35877999228735763,
      "t_serialize_ms_p50": 0.30745333060622215,
      "t_serialize_ms_p95": 0.4680640995502472,
      "t_http_overhead_ms_mean": 514.6045195288025,
      "t_http_overhead_ms_p50": 641.2912947125733,
      "t_http_overhead_ms_p95": 667.706087231636,
      "t_ttft_ms_mean": 2169.306594897838,
      "t_ttft_ms_p50": 1229.2350023053586,
      "t_ttft_ms_p95": 4667.294772341847,
      "t_server_prefill_ms_mean": 1654.7020753690351,
      "t_server_prefill_ms_p50": 561.650590505451,
      "t_server_prefill_ms_p95": 4023.002221249044,
      "t_decode_ms_mean": 8063.111496235554,
      "t_decode_ms_p50": 8120.3254875727,
      "t_decode_ms_p95": 8262.366313487291,
      "t_total_ms_mean": 10232.784985467637,
      "t_total_ms_p50": 9389.26656357944,
      "t_total_ms_p95": 12515.95623511821,
      "cpu_estimate_pct_mean": 5.105591594245385,
      "cpu_estimate_pct_p50": 5.128682709919216,
      "cpu_estimate_pct_p95": 7.232574128898577,
      "gpu_estimate_pct_mean": 94.8943269374853,
      "gpu_estimate_pct_p50": 94.87125711791677,
      "gpu_estimate_pct_p95": 98.60470492502597
    },
    {
      "label": "conc32_32k",
      "concurrency": 32,
      "ctx_tokens": 32000,
      "num_requests": 96,
      "t_serialize_ms_mean": 0.3204491998379429,
      "t_serialize_ms_p50": 0.29683439061045647,
      "t_serialize_ms_p95": 0.42724609375,
      "t_http_overhead_ms_mean": 1134.6718817658257,
      "t_http_overhead_ms_p50": 1328.4969069063663,
      "t_http_overhead_ms_p95": 1542.0383149757981,
      "t_ttft_ms_mean": 1856.5422641889502,
      "t_ttft_ms_p50": 1969.190743751824,
      "t_ttft_ms_p95": 2300.9214233607054,
      "t_server_prefill_ms_mean": 721.8703824231246,
      "t_server_prefill_ms_p50": 651.675112079829,
      "t_server_prefill_ms_p95": 964.1583086922765,
      "t_decode_ms_mean": 8385.874458540153,
      "t_decode_ms_p50": 8338.665670715272,
      "t_decode_ms_p95": 8836.341302841902,
      "t_total_ms_mean": 10242.743911794,
      "t_total_ms_p50": 9891.284015029669,
      "t_total_ms_p95": 11137.510068714619,
      "cpu_estimate_pct_mean": 10.999406972747634,
      "cpu_estimate_pct_p50": 11.940675829617867,
      "cpu_estimate_pct_p95": 14.893935012608091,
      "gpu_estimate_pct_mean": 89.00052661840063,
      "gpu_estimate_pct_p50": 88.05927616664158,
      "gpu_estimate_pct_p95": 92.55484585518175
    },
    {
      "label": "conc32_100k",
      "concurrency": 32,
      "ctx_tokens": 100000,
      "num_requests": 64,
      "t_serialize_ms_mean": 1.155653560999781,
      "t_serialize_ms_p50": 1.2024035677313805,
      "t_serialize_ms_p95": 1.3693850487470627,
      "t_http_overhead_ms_mean": 3936.888203563285,
      "t_http_overhead_ms_p50": 4056.715157814324,
      "t_http_overhead_ms_p95": 4079.8711804673076,
      "t_ttft_ms_mean": 32473.454586797743,
      "t_ttft_ms_p50": 32809.748319443315,
      "t_ttft_ms_p95": 58841.17532800883,
      "t_server_prefill_ms_mean": 28536.566383234458,
      "t_server_prefill_ms_p50": 28770.477429497987,
      "t_server_prefill_ms_p95": 54760.23308373988,
      "t_decode_ms_mean": 20769.267881973065,
      "t_decode_ms_p50": 20920.705155469477,
      "t_decode_ms_p95": 20921.734753996134,
      "t_total_ms_mean": 53243.88466666278,
      "t_total_ms_p50": 53395.64004680142,
      "t_total_ms_p95": 79762.9216471687,
      "cpu_estimate_pct_mean": 9.798784131899726,
      "cpu_estimate_pct_p50": 5.119647091491997,
      "cpu_estimate_pct_p95": 15.218860225694511,
      "gpu_estimate_pct_mean": 90.2011990649583,
      "gpu_estimate_pct_p50": 94.88034417496037,
      "gpu_estimate_pct_p95": 94.93745555124278
    }
  ]
}